country,country_url,cardURL
Afghanistan,https://openaq.org/#/locations?parameters=pm25&countries=AF&_k=a1wo7p,https://openaq.org/#/location/US%20Diplomatic%20Post%3A%20Kabul
Afghanistan,https://openaq.org/#/locations?parameters=pm25&countries=AF&_k=a1wo7p,https://openaq.org/#/location/Kabul
Algeria,https://openaq.org/#/locations?parameters=pm25&countries=DZ&_k=arrtcm,https://openaq.org/#/location/US%20Diplomatic%20Post%3A%20Algiers
Andorra,https://openaq.org/#/locations?parameters=pm25&countries=AD&_k=b6hp01,
Antigua and Barbuda,https://openaq.org/#/locations?parameters=pm25&countries=AG&_k=itvocn,https://openaq.org/#/location/Algiers
Argentina,https://openaq.org/#/locations?parameters=pm25&countries=AR&_k=n01ovg,https://openaq.org/#/location/SPARTAN%20-%20CITEDEF
Australia,https://openaq.org/#/locations?parameters=pm25&countries=AU&_k=76imji,https://openaq.org/#/location/CBD
Australia,https://openaq.org/#/locations?parameters=pm25&countries=AU&_k=76imji,https://openaq.org/#/location/Elizabeth
Australia,https://openaq.org/#/locations?parameters=pm25&countries=AU&_k=76imji,https://openaq.org/#/location/Le%20Fevre%201
Australia,https://openaq.org/#/locations?parameters=pm25&countries=AU&_k=76imji,https://openaq.org/#/location/Le%20Fevre%202
Australia,https://openaq.org/#/locations?parameters=pm25&countries=AU&_k=76imji,https://openaq.org/#/location/Netley
Australia,https://openaq.org/#/locations?parameters=pm25&countries=AU&_k=76imji,https://openaq.org/#/location/Altona%20North%201
Australia,https://openaq.org/#/locations?parameters=pm25&countries=AU&_k=76imji,https://openaq.org/#/location/Altona%20North%202
Australia,https://openaq.org/#/locations?parameters=pm25&countries=AU&_k=76imji,https://openaq.org/#/location/Bairnsdale
Australia,https://openaq.org/#/locations?parameters=pm25&countries=AU&_k=76imji,https://openaq.org/#/location/Bendigo
Australia,https://openaq.org/#/locations?parameters=pm25&countries=AU&_k=76imji,https://openaq.org/#/location/Bright
Australia,https://openaq.org/#/locations?parameters=pm25&countries=AU&_k=76imji,https://openaq.org/#/location/Campbellfield
Australia,https://openaq.org/#/locations?parameters=pm25&countries=AU&_k=76imji,https://openaq.org/#/location/Civic
Australia,https://openaq.org/#/locations?parameters=pm25&countries=AU&_k=76imji,https://openaq.org/#/location/Florey
Australia,https://openaq.org/#/locations?parameters=pm25&countries=AU&_k=76imji,https://openaq.org/#/location/Monash
Austria,https://openaq.org/#/locations?parameters=pm25&countries=AT&_k=y31mhy,https://openaq.org/#/location/AT0ILL1
Austria,https://openaq.org/#/locations?parameters=pm25&countries=AT&_k=y31mhy,https://openaq.org/#/location/AT10001
Austria,https://openaq.org/#/locations?parameters=pm25&countries=AT&_k=y31mhy,https://openaq.org/#/location/AT2KA21
Austria,https://openaq.org/#/locations?parameters=pm25&countries=AT&_k=y31mhy,https://openaq.org/#/location/AT2KA71
Austria,https://openaq.org/#/locations?parameters=pm25&countries=AT&_k=y31mhy,https://openaq.org/#/location/AT2WO15
Austria,https://openaq.org/#/locations?parameters=pm25&countries=AT&_k=y31mhy,https://openaq.org/#/location/AT30104
Austria,https://openaq.org/#/locations?parameters=pm25&countries=AT&_k=y31mhy,https://openaq.org/#/location/AT30407
Austria,https://openaq.org/#/locations?parameters=pm25&countries=AT&_k=y31mhy,https://openaq.org/#/location/AT31413
Austria,https://openaq.org/#/locations?parameters=pm25&countries=AT&_k=y31mhy,https://openaq.org/#/location/AT31902
Austria,https://openaq.org/#/locations?parameters=pm25&countries=AT&_k=y31mhy,https://openaq.org/#/location/AT32301
Austria,https://openaq.org/#/locations?parameters=pm25&countries=AT&_k=y31mhy,https://openaq.org/#/location/AT32701
Austria,https://openaq.org/#/locations?parameters=pm25&countries=AT&_k=y31mhy,https://openaq.org/#/location/AT0ENK1
Austria,https://openaq.org/#/locations?parameters=pm25&countries=AT&_k=y31mhy,https://openaq.org/#/location/AT0ZOE2
Austria,https://openaq.org/#/locations?parameters=pm25&countries=AT&_k=y31mhy,https://openaq.org/#/location/AT4S108
Austria,https://openaq.org/#/locations?parameters=pm25&countries=AT&_k=y31mhy,https://openaq.org/#/location/AT4S125
Bahrain,https://openaq.org/#/locations?parameters=pm25&countries=BH&_k=0qb4hc,https://openaq.org/#/location/US%20Diplomatic%20Post%3A%20Manama
Bangladesh,https://openaq.org/#/locations?parameters=pm25&countries=BD&_k=88m0zg,https://openaq.org/#/location/SPARTAN%20-%20Dhaka%20University
Bangladesh,https://openaq.org/#/locations?parameters=pm25&countries=BD&_k=88m0zg,https://openaq.org/#/location/US%20Diplomatic%20Post%3A%20Dhaka
Belgium,https://openaq.org/#/locations?parameters=pm25&countries=BE&_k=2bnu6z,https://openaq.org/#/location/BELAL01
Belgium,https://openaq.org/#/locations?parameters=pm25&countries=BE&_k=2bnu6z,https://openaq.org/#/location/BELHB23
Belgium,https://openaq.org/#/locations?parameters=pm25&countries=BE&_k=2bnu6z,https://openaq.org/#/location/BELSA04
Belgium,https://openaq.org/#/locations?parameters=pm25&countries=BE&_k=2bnu6z,https://openaq.org/#/location/BETM802
Belgium,https://openaq.org/#/locations?parameters=pm25&countries=BE&_k=2bnu6z,https://openaq.org/#/location/BETN016
Belgium,https://openaq.org/#/locations?parameters=pm25&countries=BE&_k=2bnu6z,https://openaq.org/#/location/BETR801
Belgium,https://openaq.org/#/locations?parameters=pm25&countries=BE&_k=2bnu6z,https://openaq.org/#/location/BETR802
Belgium,https://openaq.org/#/locations?parameters=pm25&countries=BE&_k=2bnu6z,https://openaq.org/#/location/BETR803
Belgium,https://openaq.org/#/locations?parameters=pm25&countries=BE&_k=2bnu6z,https://openaq.org/#/location/BETR805
Belgium,https://openaq.org/#/locations?parameters=pm25&countries=BE&_k=2bnu6z,https://openaq.org/#/location/BETR811
Belgium,https://openaq.org/#/locations?parameters=pm25&countries=BE&_k=2bnu6z,https://openaq.org/#/location/BETR815
Belgium,https://openaq.org/#/locations?parameters=pm25&countries=BE&_k=2bnu6z,https://openaq.org/#/location/BETR817
Belgium,https://openaq.org/#/locations?parameters=pm25&countries=BE&_k=2bnu6z,https://openaq.org/#/location/BETR831
Belgium,https://openaq.org/#/locations?parameters=pm25&countries=BE&_k=2bnu6z,https://openaq.org/#/location/BETR834
Belgium,https://openaq.org/#/locations?parameters=pm25&countries=BE&_k=2bnu6z,https://openaq.org/#/location/BETN063
Bermuda,https://openaq.org/#/locations?parameters=pm25&countries=BM&_k=1xmvp3,https://openaq.org/#/location/Rangoon
Bosnia and Herzegovina,https://openaq.org/#/locations?parameters=pm25&countries=BA&_k=aonjmk,https://openaq.org/#/location/Lukavac
Bosnia and Herzegovina,https://openaq.org/#/locations?parameters=pm25&countries=BA&_k=aonjmk,https://openaq.org/#/location/Manama
Bosnia and Herzegovina,https://openaq.org/#/locations?parameters=pm25&countries=BA&_k=aonjmk,https://openaq.org/#/location/US%20Diplomatic%20Post%3A%20Sarajevo
Bosnia and Herzegovina,https://openaq.org/#/locations?parameters=pm25&countries=BA&_k=aonjmk,https://openaq.org/#/location/BKC
Bosnia and Herzegovina,https://openaq.org/#/locations?parameters=pm25&countries=BA&_k=aonjmk,https://openaq.org/#/location/Bukinje
Bosnia and Herzegovina,https://openaq.org/#/locations?parameters=pm25&countries=BA&_k=aonjmk,https://openaq.org/#/location/Skver
Bosnia and Herzegovina,https://openaq.org/#/locations?parameters=pm25&countries=BA&_k=aonjmk,https://openaq.org/#/location/%C5%BDivinice
Brazil,https://openaq.org/#/locations?parameters=pm25&countries=BR&_k=q49h9x,https://openaq.org/#/location/Campinas-V.Uni%C3%A3o
Brazil,https://openaq.org/#/locations?parameters=pm25&countries=BR&_k=q49h9x,https://openaq.org/#/location/Guarulhos-Pa%C3%A7o%20Municipal
Brazil,https://openaq.org/#/locations?parameters=pm25&countries=BR&_k=q49h9x,https://openaq.org/#/location/Guarulhos-Pimentas
Brazil,https://openaq.org/#/locations?parameters=pm25&countries=BR&_k=q49h9x,https://openaq.org/#/location/Osasco
Brazil,https://openaq.org/#/locations?parameters=pm25&countries=BR&_k=q49h9x,https://openaq.org/#/location/Piracicaba
Brazil,https://openaq.org/#/locations?parameters=pm25&countries=BR&_k=q49h9x,https://openaq.org/#/location/Santos-Ponta%20da%20Praia
Brazil,https://openaq.org/#/locations?parameters=pm25&countries=BR&_k=q49h9x,https://openaq.org/#/location/S.Bernardo-Centro
Brazil,https://openaq.org/#/locations?parameters=pm25&countries=BR&_k=q49h9x,https://openaq.org/#/location/S%C3%A3o%20Jos%C3%A9%20Do%20Rio%20Preto
Brazil,https://openaq.org/#/locations?parameters=pm25&countries=BR&_k=q49h9x,https://openaq.org/#/location/Grajau-Parelheiros
Brazil,https://openaq.org/#/locations?parameters=pm25&countries=BR&_k=q49h9x,https://openaq.org/#/location/Pico%20do%20Jaragu%C3%A1
Brazil,https://openaq.org/#/locations?parameters=pm25&countries=BR&_k=q49h9x,https://openaq.org/#/location/Ribeir%C3%A3o%20Preto-Centro
Brazil,https://openaq.org/#/locations?parameters=pm25&countries=BR&_k=q49h9x,https://openaq.org/#/location/S.Jos%C3%A9%20dos%20Campos-Jd.Sat%C3%A9lite
Brazil,https://openaq.org/#/locations?parameters=pm25&countries=BR&_k=q49h9x,https://openaq.org/#/location/Cid.Universit%C3%A1ria-USP-Ipen
Brazil,https://openaq.org/#/locations?parameters=pm25&countries=BR&_k=q49h9x,https://openaq.org/#/location/Congonhas
Brazil,https://openaq.org/#/locations?parameters=pm25&countries=BR&_k=q49h9x,https://openaq.org/#/location/Ibirapuera
Bulgaria,https://openaq.org/#/locations?parameters=pm25&countries=BG&_k=9ofam3,https://openaq.org/#/location/Dhaka
Bulgaria,https://openaq.org/#/locations?parameters=pm25&countries=BG&_k=9ofam3,https://openaq.org/#/location/BG0075A
Bulgaria,https://openaq.org/#/locations?parameters=pm25&countries=BG&_k=9ofam3,https://openaq.org/#/location/BG0045A
Canada,https://openaq.org/#/locations?parameters=pm25&countries=CA&_k=atte4k,https://openaq.org/#/location/Athabasca%20Valley
Canada,https://openaq.org/#/locations?parameters=pm25&countries=CA&_k=atte4k,https://openaq.org/#/location/Beaverlodge
Canada,https://openaq.org/#/locations?parameters=pm25&countries=CA&_k=atte4k,https://openaq.org/#/location/Bruderheim
Canada,https://openaq.org/#/locations?parameters=pm25&countries=CA&_k=atte4k,https://openaq.org/#/location/Calgary%20Central2
Canada,https://openaq.org/#/locations?parameters=pm25&countries=CA&_k=atte4k,https://openaq.org/#/location/Calgary%20Northwest
Canada,https://openaq.org/#/locations?parameters=pm25&countries=CA&_k=atte4k,https://openaq.org/#/location/Caroline
Canada,https://openaq.org/#/locations?parameters=pm25&countries=CA&_k=atte4k,https://openaq.org/#/location/Cold%20Lake%20South
Canada,https://openaq.org/#/locations?parameters=pm25&countries=CA&_k=atte4k,https://openaq.org/#/location/Edmonton%20Central
Canada,https://openaq.org/#/locations?parameters=pm25&countries=CA&_k=atte4k,https://openaq.org/#/location/Edmonton%20East
Canada,https://openaq.org/#/locations?parameters=pm25&countries=CA&_k=atte4k,https://openaq.org/#/location/Edmonton%20South
Canada,https://openaq.org/#/locations?parameters=pm25&countries=CA&_k=atte4k,https://openaq.org/#/location/Edmonton%20Woodcroft
Canada,https://openaq.org/#/locations?parameters=pm25&countries=CA&_k=atte4k,https://openaq.org/#/location/Elk%20Island
Canada,https://openaq.org/#/locations?parameters=pm25&countries=CA&_k=atte4k,https://openaq.org/#/location/Fort%20Chipewyan
Canada,https://openaq.org/#/locations?parameters=pm25&countries=CA&_k=atte4k,https://openaq.org/#/location/Fort%20McKay
Canada,https://openaq.org/#/locations?parameters=pm25&countries=CA&_k=atte4k,https://openaq.org/#/location/Fort%20Saskatchewan
Chile,https://openaq.org/#/locations?parameters=pm25&countries=CL&_k=h9jl6s,https://openaq.org/#/location/Alto%20Hospicio
Chile,https://openaq.org/#/locations?parameters=pm25&countries=CL&_k=h9jl6s,https://openaq.org/#/location/Antofagasta
Chile,https://openaq.org/#/locations?parameters=pm25&countries=CL&_k=h9jl6s,https://openaq.org/#/location/Arica
Chile,https://openaq.org/#/locations?parameters=pm25&countries=CL&_k=h9jl6s,https://openaq.org/#/location/Vialidad
Chile,https://openaq.org/#/locations?parameters=pm25&countries=CL&_k=h9jl6s,https://openaq.org/#/location/Progreso
Chile,https://openaq.org/#/locations?parameters=pm25&countries=CL&_k=h9jl6s,https://openaq.org/#/location/Club%20Deportivo%2023%20de%20Marzo
Chile,https://openaq.org/#/locations?parameters=pm25&countries=CL&_k=h9jl6s,https://openaq.org/#/location/Colegio%20Pedro%20Vergara%20Keller
Chile,https://openaq.org/#/locations?parameters=pm25&countries=CL&_k=h9jl6s,https://openaq.org/#/location/Estaci%C3%B3n%20Centro
Chile,https://openaq.org/#/locations?parameters=pm25&countries=CL&_k=h9jl6s,https://openaq.org/#/location/Romeral
Chile,https://openaq.org/#/locations?parameters=pm25&countries=CL&_k=h9jl6s,https://openaq.org/#/location/Santa%20Margarita
Chile,https://openaq.org/#/locations?parameters=pm25&countries=CL&_k=h9jl6s,https://openaq.org/#/location/Cerrillos
China,https://openaq.org/#/locations?parameters=pm25&countries=CN&_k=sawfmu,https://openaq.org/#/location/Anqing%20Lian%20Fu%20Hua%20Yuan
China,https://openaq.org/#/locations?parameters=pm25&countries=CN&_k=sawfmu,https://openaq.org/#/location/Beijing%20US%20Embassy
China,https://openaq.org/#/locations?parameters=pm25&countries=CN&_k=sawfmu,https://openaq.org/#/location/SPARTAN%20-%20Tsinghua%20University
China,https://openaq.org/#/locations?parameters=pm25&countries=CN&_k=sawfmu,https://openaq.org/#/location/Chengdu
China,https://openaq.org/#/locations?parameters=pm25&countries=CN&_k=sawfmu,https://openaq.org/#/location/Guangzhou
China,https://openaq.org/#/locations?parameters=pm25&countries=CN&_k=sawfmu,https://openaq.org/#/location/Shanghai
China,https://openaq.org/#/locations?parameters=pm25&countries=CN&_k=sawfmu,https://openaq.org/#/location/Shenyang
China,https://openaq.org/#/locations?parameters=pm25&countries=CN&_k=sawfmu,https://openaq.org/#/location/%E4%BA%BA%E6%B0%91%E5%B9%BF%E5%9C%BA
China,https://openaq.org/#/locations?parameters=pm25&countries=CN&_k=sawfmu,https://openaq.org/#/location/%E6%96%B0%E5%BB%BA%E3%80%80
China,https://openaq.org/#/locations?parameters=pm25&countries=CN&_k=sawfmu,https://openaq.org/#/location/%E6%96%B0%E5%BB%BA%E7%9F%BF%E5%B9%BF%E5%9C%BA
China,https://openaq.org/#/locations?parameters=pm25&countries=CN&_k=sawfmu,https://openaq.org/#/location/%E7%8E%AF%E4%BF%9D%E5%B1%80
China,https://openaq.org/#/locations?parameters=pm25&countries=CN&_k=sawfmu,https://openaq.org/#/location/%E8%91%AB%E5%A4%B4%E6%B2%9F(%E5%AF%B9%E7%85%A7%E7%82%B9)
China,https://openaq.org/#/locations?parameters=pm25&countries=CN&_k=sawfmu,https://openaq.org/#/location/%E6%B2%B3%E4%B8%9C%E5%AD%90%E7%AB%99
China,https://openaq.org/#/locations?parameters=pm25&countries=CN&_k=sawfmu,https://openaq.org/#/location/%E6%B2%B3%E8%A5%BF%E5%AD%90%E7%AB%99
China,https://openaq.org/#/locations?parameters=pm25&countries=CN&_k=sawfmu,https://openaq.org/#/location/%E4%B8%89%E5%85%83%E5%8C%BA%E6%94%BF%E5%BA%9C
Colombia,https://openaq.org/#/locations?parameters=pm25&countries=CO&_k=382bhk,https://openaq.org/#/location/BAR-TORR%20-%20Barbosa%20-%20Torre%20Social
Colombia,https://openaq.org/#/locations?parameters=pm25&countries=CO&_k=382bhk,https://openaq.org/#/location/BEL-FEVE%20-%20Bello%20-%20I.E.%20Fernando%20V%C3%A9lez
Colombia,https://openaq.org/#/locations?parameters=pm25&countries=CO&_k=382bhk,https://openaq.org/#/location/US%20Diplomatic%20Post%3A%20Bogota
Colombia,https://openaq.org/#/locations?parameters=pm25&countries=CO&_k=382bhk,https://openaq.org/#/location/CAL-JOAR%20-%20Caldas%20-%20E%20U%20Joaqu%C3%ADn%20Aristizabal
Colombia,https://openaq.org/#/locations?parameters=pm25&countries=CO&_k=382bhk,https://openaq.org/#/location/COP-CVID%20-%20Copacabana%20-%20Ciudadela%20Educativa%20La%20Vida
Colombia,https://openaq.org/#/locations?parameters=pm25&countries=CO&_k=382bhk,https://openaq.org/#/location/ENV-HOSP%20-%20Envigado%20-%20E.S.E.%20Santa%20Gertrudis
Colombia,https://openaq.org/#/locations?parameters=pm25&countries=CO&_k=382bhk,https://openaq.org/#/location/ITA-CONC%20-%20Itag%C3%BC%C3%AD%20-%20I.E.%20Concejo%20Municipal%20de%20Itag%C3%BC%C3%AD
Colombia,https://openaq.org/#/locations?parameters=pm25&countries=CO&_k=382bhk,https://openaq.org/#/location/EST-HOSP%20-%20La%20Estrella%20-%20Hospital
Colombia,https://openaq.org/#/locations?parameters=pm25&countries=CO&_k=382bhk,https://openaq.org/#/location/CAL-LASA%20-%20Caldas%20-%20Corporacion%20Universitaria%20Lasallista
Colombia,https://openaq.org/#/locations?parameters=pm25&countries=CO&_k=382bhk,https://openaq.org/#/location/CEN-TRAF%20-%20Estaci%C3%B3n%20Tr%C3%A1fico%20Centro
Colombia,https://openaq.org/#/locations?parameters=pm25&countries=CO&_k=382bhk,https://openaq.org/#/location/GIR-SOSN%20-%20Girardota%20-%20S.O.S%20Aburr%C3%A1%20Norte
Colombia,https://openaq.org/#/locations?parameters=pm25&countries=CO&_k=382bhk,https://openaq.org/#/location/ITA-CJUS%20-%20Itag%C3%BC%C3%AD%20-%20Casa%20de%20Justicia%20Itag%C3%BC%C3%AD
Costa Rica,https://openaq.org/#/locations?parameters=pm25&countries=CR&_k=he3ug6,https://openaq.org/#/location/US%20Diplomatic%20Post%3A%20San%20Jose
Croatia,https://openaq.org/#/locations?parameters=pm25&countries=HR&_k=pzkxdz,https://openaq.org/#/location/HR0010A
Croatia,https://openaq.org/#/locations?parameters=pm25&countries=HR&_k=pzkxdz,https://openaq.org/#/location/HR0020A
Croatia,https://openaq.org/#/locations?parameters=pm25&countries=HR&_k=pzkxdz,https://openaq.org/#/location/HR0015A
Croatia,https://openaq.org/#/locations?parameters=pm25&countries=HR&_k=pzkxdz,https://openaq.org/#/location/HR0012A
Croatia,https://openaq.org/#/locations?parameters=pm25&countries=HR&_k=pzkxdz,https://openaq.org/#/location/HR0013A
Croatia,https://openaq.org/#/locations?parameters=pm25&countries=HR&_k=pzkxdz,https://openaq.org/#/location/HR0011A
Curaçao,https://openaq.org/#/locations?parameters=pm25&countries=CW&_k=9ms83c,https://openaq.org/#/location/US%20Diplomatic%20Post%3A%20Curacao
Cyprus,https://openaq.org/#/locations?parameters=pm25&countries=CY&_k=8fixmz,
Czech Republic,https://openaq.org/#/locations?parameters=pm25&countries=CZ&_k=vf641k,https://openaq.org/#/location/CZ0ALIB
Czech Republic,https://openaq.org/#/locations?parameters=pm25&countries=CZ&_k=vf641k,https://openaq.org/#/location/CZ0ARIE
Czech Republic,https://openaq.org/#/locations?parameters=pm25&countries=CZ&_k=vf641k,https://openaq.org/#/location/CZ0ASMI
Czech Republic,https://openaq.org/#/locations?parameters=pm25&countries=CZ&_k=vf641k,https://openaq.org/#/location/CZ0ASTO
Czech Republic,https://openaq.org/#/locations?parameters=pm25&countries=CZ&_k=vf641k,https://openaq.org/#/location/CZ0CCBD
Czech Republic,https://openaq.org/#/locations?parameters=pm25&countries=CZ&_k=vf641k,https://openaq.org/#/location/CZ0BBDN
Czech Republic,https://openaq.org/#/locations?parameters=pm25&countries=CZ&_k=vf641k,https://openaq.org/#/location/CZ0BBNI
Czech Republic,https://openaq.org/#/locations?parameters=pm25&countries=CZ&_k=vf641k,https://openaq.org/#/location/CZ0BBNV
Côte d'Ivoire,https://openaq.org/#/locations?parameters=pm25&countries=CI&_k=693g0l,https://openaq.org/#/location/US%20Diplomatic%20Post%3A%20Abidjan
Denmark,https://openaq.org/#/locations?parameters=pm25&countries=DK&_k=8pc5a0,
Estonia,https://openaq.org/#/locations?parameters=pm25&countries=EE&_k=8k1zil,https://openaq.org/#/location/EE0018A
Estonia,https://openaq.org/#/locations?parameters=pm25&countries=EE&_k=8k1zil,https://openaq.org/#/location/EE0019A
Estonia,https://openaq.org/#/locations?parameters=pm25&countries=EE&_k=8k1zil,https://openaq.org/#/location/EE0022A
Estonia,https://openaq.org/#/locations?parameters=pm25&countries=EE&_k=8k1zil,https://openaq.org/#/location/EE0016A
Estonia,https://openaq.org/#/locations?parameters=pm25&countries=EE&_k=8k1zil,https://openaq.org/#/location/EE0009R
Estonia,https://openaq.org/#/locations?parameters=pm25&countries=EE&_k=8k1zil,https://openaq.org/#/location/EE0011R
Estonia,https://openaq.org/#/locations?parameters=pm25&countries=EE&_k=8k1zil,https://openaq.org/#/location/EE0021A
Ethiopia,https://openaq.org/#/locations?parameters=pm25&countries=ET&_k=4tw26o,https://openaq.org/#/location/US%20Diplomatic%20Post%3A%20Addis%20Ababa%20Central
Ethiopia,https://openaq.org/#/locations?parameters=pm25&countries=ET&_k=4tw26o,https://openaq.org/#/location/US%20Diplomatic%20Post%3A%20Addis%20Ababa%20School
Finland,https://openaq.org/#/locations?parameters=pm25&countries=FI&_k=ryg8hn,https://openaq.org/#/location/FI00893
Finland,https://openaq.org/#/locations?parameters=pm25&countries=FI&_k=ryg8hn,https://openaq.org/#/location/FI00446
Finland,https://openaq.org/#/locations?parameters=pm25&countries=FI&_k=ryg8hn,https://openaq.org/#/location/FI00363
Finland,https://openaq.org/#/locations?parameters=pm25&countries=FI&_k=ryg8hn,https://openaq.org/#/location/FI00586
Finland,https://openaq.org/#/locations?parameters=pm25&countries=FI&_k=ryg8hn,https://openaq.org/#/location/FI00889
Finland,https://openaq.org/#/locations?parameters=pm25&countries=FI&_k=ryg8hn,https://openaq.org/#/location/FI00801
Finland,https://openaq.org/#/locations?parameters=pm25&countries=FI&_k=ryg8hn,https://openaq.org/#/location/FI00838
Finland,https://openaq.org/#/locations?parameters=pm25&countries=FI&_k=ryg8hn,https://openaq.org/#/location/FI00280
Finland,https://openaq.org/#/locations?parameters=pm25&countries=FI&_k=ryg8hn,https://openaq.org/#/location/FI00606
Finland,https://openaq.org/#/locations?parameters=pm25&countries=FI&_k=ryg8hn,https://openaq.org/#/location/FI00349
Finland,https://openaq.org/#/locations?parameters=pm25&countries=FI&_k=ryg8hn,https://openaq.org/#/location/FI00208
Finland,https://openaq.org/#/locations?parameters=pm25&countries=FI&_k=ryg8hn,https://openaq.org/#/location/FI00370
Finland,https://openaq.org/#/locations?parameters=pm25&countries=FI&_k=ryg8hn,https://openaq.org/#/location/FI00425
Finland,https://openaq.org/#/locations?parameters=pm25&countries=FI&_k=ryg8hn,https://openaq.org/#/location/FI00564
France,https://openaq.org/#/locations?parameters=pm25&countries=FR&_k=r7ect4,https://openaq.org/#/location/FR33305
France,https://openaq.org/#/locations?parameters=pm25&countries=FR&_k=r7ect4,https://openaq.org/#/location/Evreux%20%20Boulevard%20de%20Normandie
France,https://openaq.org/#/locations?parameters=pm25&countries=FR&_k=r7ect4,https://openaq.org/#/location/Maison%20Parc%20Brotonne
France,https://openaq.org/#/locations?parameters=pm25&countries=FR&_k=r7ect4,https://openaq.org/#/location/Rouen%20Le%20Conquerant
France,https://openaq.org/#/locations?parameters=pm25&countries=FR&_k=r7ect4,https://openaq.org/#/location/Valence%20Trafic
France,https://openaq.org/#/locations?parameters=pm25&countries=FR&_k=r7ect4,https://openaq.org/#/location/FR18042
France,https://openaq.org/#/locations?parameters=pm25&countries=FR&_k=r7ect4,https://openaq.org/#/location/FR18080
France,https://openaq.org/#/locations?parameters=pm25&countries=FR&_k=r7ect4,https://openaq.org/#/location/FR07022
France,https://openaq.org/#/locations?parameters=pm25&countries=FR&_k=r7ect4,https://openaq.org/#/location/FR24018
France,https://openaq.org/#/locations?parameters=pm25&countries=FR&_k=r7ect4,https://openaq.org/#/location/FR24039
France,https://openaq.org/#/locations?parameters=pm25&countries=FR&_k=r7ect4,https://openaq.org/#/location/FR24035
France,https://openaq.org/#/locations?parameters=pm25&countries=FR&_k=r7ect4,https://openaq.org/#/location/FR24036
Germany,https://openaq.org/#/locations?parameters=pm25&countries=DE&_k=8krk0b,https://openaq.org/#/location/DEBY001
Germany,https://openaq.org/#/locations?parameters=pm25&countries=DE&_k=8krk0b,https://openaq.org/#/location/DEBY002
Germany,https://openaq.org/#/locations?parameters=pm25&countries=DE&_k=8krk0b,https://openaq.org/#/location/DEBY004
Germany,https://openaq.org/#/locations?parameters=pm25&countries=DE&_k=8krk0b,https://openaq.org/#/location/DEBY005
Germany,https://openaq.org/#/locations?parameters=pm25&countries=DE&_k=8krk0b,https://openaq.org/#/location/DEBY007
Germany,https://openaq.org/#/locations?parameters=pm25&countries=DE&_k=8krk0b,https://openaq.org/#/location/DEBY009
Germany,https://openaq.org/#/locations?parameters=pm25&countries=DE&_k=8krk0b,https://openaq.org/#/location/DEBY012
Germany,https://openaq.org/#/locations?parameters=pm25&countries=DE&_k=8krk0b,https://openaq.org/#/location/DEBY013
Germany,https://openaq.org/#/locations?parameters=pm25&countries=DE&_k=8krk0b,https://openaq.org/#/location/DEBY014
Germany,https://openaq.org/#/locations?parameters=pm25&countries=DE&_k=8krk0b,https://openaq.org/#/location/DEBY021
Germany,https://openaq.org/#/locations?parameters=pm25&countries=DE&_k=8krk0b,https://openaq.org/#/location/DEBY028
Germany,https://openaq.org/#/locations?parameters=pm25&countries=DE&_k=8krk0b,https://openaq.org/#/location/DEBY031
Germany,https://openaq.org/#/locations?parameters=pm25&countries=DE&_k=8krk0b,https://openaq.org/#/location/DEBY035
Germany,https://openaq.org/#/locations?parameters=pm25&countries=DE&_k=8krk0b,https://openaq.org/#/location/DEBY037
Germany,https://openaq.org/#/locations?parameters=pm25&countries=DE&_k=8krk0b,https://openaq.org/#/location/DEBY039
Ghana,https://openaq.org/#/locations?parameters=pm25&countries=GH&_k=ensnho,https://openaq.org/#/location/ADA%20-%20Asylum%20Down
Ghana,https://openaq.org/#/locations?parameters=pm25&countries=GH&_k=ensnho,https://openaq.org/#/location/ADEPA%20-%20Asylum%20Down
Ghana,https://openaq.org/#/locations?parameters=pm25&countries=GH&_k=ensnho,https://openaq.org/#/location/ADT%20-%20Asylum%20Down
Ghana,https://openaq.org/#/locations?parameters=pm25&countries=GH&_k=ensnho,https://openaq.org/#/location/ELA%20-%20East%20Legon
Ghana,https://openaq.org/#/locations?parameters=pm25&countries=GH&_k=ensnho,https://openaq.org/#/location/ELC%20-%20East%20Legon
Ghana,https://openaq.org/#/locations?parameters=pm25&countries=GH&_k=ensnho,https://openaq.org/#/location/ELT%20-%20East%20Legon
Ghana,https://openaq.org/#/locations?parameters=pm25&countries=GH&_k=ensnho,https://openaq.org/#/location/JTA%20-%20Jamestown
Ghana,https://openaq.org/#/locations?parameters=pm25&countries=GH&_k=ensnho,https://openaq.org/#/location/JTC%20-%20Jamestown
Ghana,https://openaq.org/#/locations?parameters=pm25&countries=GH&_k=ensnho,https://openaq.org/#/location/JTT%20-%20Jamestown
Ghana,https://openaq.org/#/locations?parameters=pm25&countries=GH&_k=ensnho,https://openaq.org/#/location/NMA%20-%20Nima
Ghana,https://openaq.org/#/locations?parameters=pm25&countries=GH&_k=ensnho,https://openaq.org/#/location/NMT%20-%20Nima
Ghana,https://openaq.org/#/locations?parameters=pm25&countries=GH&_k=ensnho,https://openaq.org/#/location/US%20Diplomatic%20Post%3A%20Accra
Gibraltar,https://openaq.org/#/locations?parameters=pm25&countries=GI&_k=iwr00o,
Greece,https://openaq.org/#/locations?parameters=pm25&countries=GR&_k=xi9z4d,https://openaq.org/#/location/GR0003A
Greece,https://openaq.org/#/locations?parameters=pm25&countries=GR&_k=xi9z4d,https://openaq.org/#/location/GR0030A
Greece,https://openaq.org/#/locations?parameters=pm25&countries=GR&_k=xi9z4d,https://openaq.org/#/location/GR0035A
Greece,https://openaq.org/#/locations?parameters=pm25&countries=GR&_k=xi9z4d,https://openaq.org/#/location/GR0037A
Greece,https://openaq.org/#/locations?parameters=pm25&countries=GR&_k=xi9z4d,https://openaq.org/#/location/GR0038A
Greece,https://openaq.org/#/locations?parameters=pm25&countries=GR&_k=xi9z4d,https://openaq.org/#/location/GR0039A
Greece,https://openaq.org/#/locations?parameters=pm25&countries=GR&_k=xi9z4d,https://openaq.org/#/location/GR0048A
Greece,https://openaq.org/#/locations?parameters=pm25&countries=GR&_k=xi9z4d,https://openaq.org/#/location/GR0001A
Greece,https://openaq.org/#/locations?parameters=pm25&countries=GR&_k=xi9z4d,https://openaq.org/#/location/GR0018A
Greece,https://openaq.org/#/locations?parameters=pm25&countries=GR&_k=xi9z4d,https://openaq.org/#/location/GR0047A
Greece,https://openaq.org/#/locations?parameters=pm25&countries=GR&_k=xi9z4d,https://openaq.org/#/location/GR0110R
Guatemala,https://openaq.org/#/locations?parameters=pm25&countries=GT&_k=bf7h0a,https://openaq.org/#/location/US%20Diplomatic%20Post%3A%20Guatemala%20City
Guatemala,https://openaq.org/#/locations?parameters=pm25&countries=GT&_k=bf7h0a,https://openaq.org/#/location/Guatemala%20City
Guinea,https://openaq.org/#/locations?parameters=pm25&countries=GN&_k=fn6exn,https://openaq.org/#/location/US%20Diplomatic%20Post%3A%20Conakry
Hong Kong,https://openaq.org/#/locations?parameters=pm25&countries=HK&_k=wt8d6f,https://openaq.org/#/location/Causeway%20Bay
Hong Kong,https://openaq.org/#/locations?parameters=pm25&countries=HK&_k=wt8d6f,https://openaq.org/#/location/Central
Hong Kong,https://openaq.org/#/locations?parameters=pm25&countries=HK&_k=wt8d6f,https://openaq.org/#/location/Central%2FWestern
Hong Kong,https://openaq.org/#/locations?parameters=pm25&countries=HK&_k=wt8d6f,https://openaq.org/#/location/Eastern
Hong Kong,https://openaq.org/#/locations?parameters=pm25&countries=HK&_k=wt8d6f,https://openaq.org/#/location/Kwun%20Tong
Hong Kong,https://openaq.org/#/locations?parameters=pm25&countries=HK&_k=wt8d6f,https://openaq.org/#/location/Mong%20Kok
Hong Kong,https://openaq.org/#/locations?parameters=pm25&countries=HK&_k=wt8d6f,https://openaq.org/#/location/Sham%20Shui%20Po
Hong Kong,https://openaq.org/#/locations?parameters=pm25&countries=HK&_k=wt8d6f,https://openaq.org/#/location/Kwai%20Chung
Hong Kong,https://openaq.org/#/locations?parameters=pm25&countries=HK&_k=wt8d6f,https://openaq.org/#/location/Sha%20Tin
Hong Kong,https://openaq.org/#/locations?parameters=pm25&countries=HK&_k=wt8d6f,https://openaq.org/#/location/Tai%20Po
Hong Kong,https://openaq.org/#/locations?parameters=pm25&countries=HK&_k=wt8d6f,https://openaq.org/#/location/Tsuen%20Wan
Hong Kong,https://openaq.org/#/locations?parameters=pm25&countries=HK&_k=wt8d6f,https://openaq.org/#/location/Tung%20Chung
Hong Kong,https://openaq.org/#/locations?parameters=pm25&countries=HK&_k=wt8d6f,https://openaq.org/#/location/Yuen%20Long
Hong Kong,https://openaq.org/#/locations?parameters=pm25&countries=HK&_k=wt8d6f,https://openaq.org/#/location/Tuen%20Mun
Hong Kong,https://openaq.org/#/locations?parameters=pm25&countries=HK&_k=wt8d6f,https://openaq.org/#/location/Tseung%20Kwan%20O
Hungary,https://openaq.org/#/locations?parameters=pm25&countries=HU&_k=kblu3d,https://openaq.org/#/location/HU0029A
Hungary,https://openaq.org/#/locations?parameters=pm25&countries=HU&_k=kblu3d,https://openaq.org/#/location/HU0026A
Hungary,https://openaq.org/#/locations?parameters=pm25&countries=HU&_k=kblu3d,https://openaq.org/#/location/HU0022A
Hungary,https://openaq.org/#/locations?parameters=pm25&countries=HU&_k=kblu3d,https://openaq.org/#/location/HU0057A
Hungary,https://openaq.org/#/locations?parameters=pm25&countries=HU&_k=kblu3d,https://openaq.org/#/location/HU0033A
Hungary,https://openaq.org/#/locations?parameters=pm25&countries=HU&_k=kblu3d,https://openaq.org/#/location/HU0024A
Hungary,https://openaq.org/#/locations?parameters=pm25&countries=HU&_k=kblu3d,https://openaq.org/#/location/HU0025A
Hungary,https://openaq.org/#/locations?parameters=pm25&countries=HU&_k=kblu3d,https://openaq.org/#/location/HU0039A
Hungary,https://openaq.org/#/locations?parameters=pm25&countries=HU&_k=kblu3d,https://openaq.org/#/location/HU0034A
Iceland,https://openaq.org/#/locations?parameters=pm25&countries=IS&_k=ndof5j,https://openaq.org/#/location/Grundartangi%20Gr%C3%B6f
Iceland,https://openaq.org/#/locations?parameters=pm25&countries=IS&_k=ndof5j,https://openaq.org/#/location/Grundartangi%20Kr%C3%ADuvar%C3%B0a
Iceland,https://openaq.org/#/locations?parameters=pm25&countries=IS&_k=ndof5j,https://openaq.org/#/location/Hafnarfj%C3%B6r%C3%B0ur%20Hvaleyrarholt
Iceland,https://openaq.org/#/locations?parameters=pm25&countries=IS&_k=ndof5j,https://openaq.org/#/location/Hafnarfj%C3%B6r%C3%B0ur%20Nor%C3%B0urhella
Iceland,https://openaq.org/#/locations?parameters=pm25&countries=IS&_k=ndof5j,https://openaq.org/#/location/PCC%20nor%C3%B0ur
Iceland,https://openaq.org/#/locations?parameters=pm25&countries=IS&_k=ndof5j,https://openaq.org/#/location/PCC%20su%C3%B0ur
Iceland,https://openaq.org/#/locations?parameters=pm25&countries=IS&_k=ndof5j,https://openaq.org/#/location/K%C3%B3pavogur%20Dalsm%C3%A1ri
Iceland,https://openaq.org/#/locations?parameters=pm25&countries=IS&_k=ndof5j,https://openaq.org/#/location/Reykjavik%20Grensas
Iceland,https://openaq.org/#/locations?parameters=pm25&countries=IS&_k=ndof5j,https://openaq.org/#/location/Reykjavik%20Husdyragardurinn
India,https://openaq.org/#/locations?parameters=pm25&countries=IN&_k=4wc5i2,https://openaq.org/#/location/Sanjay%20Palace%2C%20Agra%20-%20UPPCB
India,https://openaq.org/#/locations?parameters=pm25&countries=IN&_k=4wc5i2,https://openaq.org/#/location/Maninagar%2C%20Ahmedabad%20-%20GPCB
India,https://openaq.org/#/locations?parameters=pm25&countries=IN&_k=4wc5i2,https://openaq.org/#/location/Sikulpuikawn%2C%20Aizawl%20-%20Mizoram%20PCB
India,https://openaq.org/#/locations?parameters=pm25&countries=IN&_k=4wc5i2,https://openaq.org/#/location/Civil%20Lines%2C%20%20Ajmer%20-%20RSPCB
India,https://openaq.org/#/locations?parameters=pm25&countries=IN&_k=4wc5i2,https://openaq.org/#/location/Moti%20Doongri%2C%20Alwar%20-%20RSPCB
India,https://openaq.org/#/locations?parameters=pm25&countries=IN&_k=4wc5i2,https://openaq.org/#/location/Secretariat%2C%20Amaravati%20-%20APPCB
India,https://openaq.org/#/locations?parameters=pm25&countries=IN&_k=4wc5i2,https://openaq.org/#/location/Patti%20Mehar%2C%20Ambala%20-%20HSPCB
India,https://openaq.org/#/locations?parameters=pm25&countries=IN&_k=4wc5i2,https://openaq.org/#/location/Golden%20Temple%2C%20Amritsar%20-%20PPCB
India,https://openaq.org/#/locations?parameters=pm25&countries=IN&_k=4wc5i2,https://openaq.org/#/location/GIDC%2C%20Ankleshwar%20-%20GPCB
India,https://openaq.org/#/locations?parameters=pm25&countries=IN&_k=4wc5i2,https://openaq.org/#/location/Asansol%20Court%20Area%2C%20Asansol%20-%20WBPCB
India,https://openaq.org/#/locations?parameters=pm25&countries=IN&_k=4wc5i2,https://openaq.org/#/location/More%20Chowk%20Waluj%2C%20Aurangabad%20-%20MPCB
India,https://openaq.org/#/locations?parameters=pm25&countries=IN&_k=4wc5i2,https://openaq.org/#/location/Vidayagiri%2C%20Bagalkot%20-%20KSPCB
India,https://openaq.org/#/locations?parameters=pm25&countries=IN&_k=4wc5i2,https://openaq.org/#/location/New%20Collectorate%2C%20Baghpat%20-%20UPPCB
India,https://openaq.org/#/locations?parameters=pm25&countries=IN&_k=4wc5i2,https://openaq.org/#/location/Arya%20Nagar%2C%20Bahadurgarh%20-%20HSPCB
India,https://openaq.org/#/locations?parameters=pm25&countries=IN&_k=4wc5i2,https://openaq.org/#/location/Nathu%20Colony%2C%20Ballabgarh%20-%20HSPCB
Indonesia,https://openaq.org/#/locations?parameters=pm25&countries=ID&_k=c353nr,https://openaq.org/#/location/SPARTAN%20-%20ITB%20Bandung
Indonesia,https://openaq.org/#/locations?parameters=pm25&countries=ID&_k=c353nr,https://openaq.org/#/location/US%20Diplomatic%20Post%3A%20Jakarta%20Central
Indonesia,https://openaq.org/#/locations?parameters=pm25&countries=ID&_k=c353nr,https://openaq.org/#/location/US%20Diplomatic%20Post%3A%20Jakarta%20South
Iraq,https://openaq.org/#/locations?parameters=pm25&countries=IQ&_k=06ugfr,https://openaq.org/#/location/US%20Diplomatic%20Post%3A%20Baghdad
Ireland,https://openaq.org/#/locations?parameters=pm25&countries=IE&_k=zcqgu6,https://openaq.org/#/location/IE0110A
Ireland,https://openaq.org/#/locations?parameters=pm25&countries=IE&_k=zcqgu6,https://openaq.org/#/location/IE0028A
Ireland,https://openaq.org/#/locations?parameters=pm25&countries=IE&_k=zcqgu6,https://openaq.org/#/location/IE003AP
Ireland,https://openaq.org/#/locations?parameters=pm25&countries=IE&_k=zcqgu6,https://openaq.org/#/location/IE0137A
Ireland,https://openaq.org/#/locations?parameters=pm25&countries=IE&_k=zcqgu6,https://openaq.org/#/location/IE0142A
Israel,https://openaq.org/#/locations?parameters=pm25&countries=IL&_k=ttji8r,https://openaq.org/#/location/SPARTAN%20-%20Weizmann%20Institute
Italy,https://openaq.org/#/locations?parameters=pm25&countries=IT&_k=iyrlwd,https://openaq.org/#/location/BALLIRANA
Italy,https://openaq.org/#/locations?parameters=pm25&countries=IT&_k=iyrlwd,https://openaq.org/#/location/IT0459A
Italy,https://openaq.org/#/locations?parameters=pm25&countries=IT&_k=iyrlwd,https://openaq.org/#/location/IT0461A
Italy,https://openaq.org/#/locations?parameters=pm25&countries=IT&_k=iyrlwd,https://openaq.org/#/location/IT1773A
Italy,https://openaq.org/#/locations?parameters=pm25&countries=IT&_k=iyrlwd,https://openaq.org/#/location/IT1827A
Italy,https://openaq.org/#/locations?parameters=pm25&countries=IT&_k=iyrlwd,https://openaq.org/#/location/IT2144A
Italy,https://openaq.org/#/locations?parameters=pm25&countries=IT&_k=iyrlwd,https://openaq.org/#/location/IT0934A
Italy,https://openaq.org/#/locations?parameters=pm25&countries=IT&_k=iyrlwd,https://openaq.org/#/location/BESENZONE
Italy,https://openaq.org/#/locations?parameters=pm25&countries=IT&_k=iyrlwd,https://openaq.org/#/location/GIARDINI%20MARGHERITA
Italy,https://openaq.org/#/locations?parameters=pm25&countries=IT&_k=iyrlwd,https://openaq.org/#/location/PORTA%20SAN%20FELICE
Italy,https://openaq.org/#/locations?parameters=pm25&countries=IT&_k=iyrlwd,https://openaq.org/#/location/IT0499A
Italy,https://openaq.org/#/locations?parameters=pm25&countries=IT&_k=iyrlwd,https://openaq.org/#/location/IT1696A
Italy,https://openaq.org/#/locations?parameters=pm25&countries=IT&_k=iyrlwd,https://openaq.org/#/location/IT2148A
Italy,https://openaq.org/#/locations?parameters=pm25&countries=IT&_k=iyrlwd,https://openaq.org/#/location/IT2151A
Italy,https://openaq.org/#/locations?parameters=pm25&countries=IT&_k=iyrlwd,https://openaq.org/#/location/IT1947A
Jordan,https://openaq.org/#/locations?parameters=pm25&countries=JO&_k=tzdvux,https://openaq.org/#/location/US%20Diplomatic%20Post%3A%20Amman
Jordan,https://openaq.org/#/locations?parameters=pm25&countries=JO&_k=tzdvux,https://openaq.org/#/location/Amman
Kazakhstan,https://openaq.org/#/locations?parameters=pm25&countries=KZ&_k=n1m6xg,https://openaq.org/#/location/US%20Diplomatic%20Post%3A%20Astana
Kazakhstan,https://openaq.org/#/locations?parameters=pm25&countries=KZ&_k=n1m6xg,https://openaq.org/#/location/Almaty
Kenya,https://openaq.org/#/locations?parameters=pm25&countries=KE&_k=lpp8kd,https://openaq.org/#/location/Alliance%20Girls%20High
Kenya,https://openaq.org/#/locations?parameters=pm25&countries=KE&_k=lpp8kd,https://openaq.org/#/location/Nairobi%20CBD
Kosovo,https://openaq.org/#/locations?parameters=pm25&countries=XK&_k=tn2odk,https://openaq.org/#/location/Drenas
Kosovo,https://openaq.org/#/locations?parameters=pm25&countries=XK&_k=tn2odk,https://openaq.org/#/location/Gjilan
Kosovo,https://openaq.org/#/locations?parameters=pm25&countries=XK&_k=tn2odk,https://openaq.org/#/location/Hani%20i%20Elezit
Kosovo,https://openaq.org/#/locations?parameters=pm25&countries=XK&_k=tn2odk,https://openaq.org/#/location/Mitrovice
Kosovo,https://openaq.org/#/locations?parameters=pm25&countries=XK&_k=tn2odk,https://openaq.org/#/location/Peje
Kosovo,https://openaq.org/#/locations?parameters=pm25&countries=XK&_k=tn2odk,https://openaq.org/#/location/Prishtine%20-%20IHMK
Kosovo,https://openaq.org/#/locations?parameters=pm25&countries=XK&_k=tn2odk,https://openaq.org/#/location/Prishtine%2C%20Rilindje
Kosovo,https://openaq.org/#/locations?parameters=pm25&countries=XK&_k=tn2odk,https://openaq.org/#/location/US%20Diplomatic%20Post%3A%20Pristina
Kosovo,https://openaq.org/#/locations?parameters=pm25&countries=XK&_k=tn2odk,https://openaq.org/#/location/Prizren
Kuwait,https://openaq.org/#/locations?parameters=pm25&countries=KW&_k=2d7jow,https://openaq.org/#/location/US%20Diplomatic%20Post%3A%20Kuwait%20City
Kyrgyzstan,https://openaq.org/#/locations?parameters=pm25&countries=KG&_k=f7irgg,https://openaq.org/#/location/US%20Diplomatic%20Post%3A%20Bishkek
Kyrgyzstan,https://openaq.org/#/locations?parameters=pm25&countries=KG&_k=f7irgg,https://openaq.org/#/location/Bishkek
Lao People's Democratic Republic,https://openaq.org/#/locations?parameters=pm25&countries=LA&_k=av1plz,https://openaq.org/#/location/US%20Diplomatic%20Post%3A%20Vientiane
Latvia,https://openaq.org/#/locations?parameters=pm25&countries=LV&_k=rldm2w,
Lithuania,https://openaq.org/#/locations?parameters=pm25&countries=LT&_k=56pprg,https://openaq.org/#/location/LT00041
Lithuania,https://openaq.org/#/locations?parameters=pm25&countries=LT&_k=56pprg,https://openaq.org/#/location/LT00044
Lithuania,https://openaq.org/#/locations?parameters=pm25&countries=LT&_k=56pprg,https://openaq.org/#/location/LT00033
Lithuania,https://openaq.org/#/locations?parameters=pm25&countries=LT&_k=56pprg,https://openaq.org/#/location/LT00021
Lithuania,https://openaq.org/#/locations?parameters=pm25&countries=LT&_k=56pprg,https://openaq.org/#/location/LT00051
Lithuania,https://openaq.org/#/locations?parameters=pm25&countries=LT&_k=56pprg,https://openaq.org/#/location/LT00003
Luxembourg,https://openaq.org/#/locations?parameters=pm25&countries=LU&_k=1h1qqi,https://openaq.org/#/location/LU0105A
Luxembourg,https://openaq.org/#/locations?parameters=pm25&countries=LU&_k=1h1qqi,https://openaq.org/#/location/LU0101A
Luxembourg,https://openaq.org/#/locations?parameters=pm25&countries=LU&_k=1h1qqi,https://openaq.org/#/location/LU0102A
Luxembourg,https://openaq.org/#/locations?parameters=pm25&countries=LU&_k=1h1qqi,https://openaq.org/#/location/LU0109A
"Macedonia, the Former Yugoslav Republic of",https://openaq.org/#/locations?parameters=pm25&countries=MK&_k=gr8o88,https://openaq.org/#/location/MK0038A
"Macedonia, the Former Yugoslav Republic of",https://openaq.org/#/locations?parameters=pm25&countries=MK&_k=gr8o88,https://openaq.org/#/location/MK0047A
"Macedonia, the Former Yugoslav Republic of",https://openaq.org/#/locations?parameters=pm25&countries=MK&_k=gr8o88,https://openaq.org/#/location/MK0048A
Madagascar,https://openaq.org/#/locations?parameters=pm25&countries=MG&_k=zkep60,https://openaq.org/#/location/Ulaanbaatar
Mali,https://openaq.org/#/locations?parameters=pm25&countries=ML&_k=pi0267,https://openaq.org/#/location/US%20Diplomatic%20Post%3A%20Bamako
Malta,https://openaq.org/#/locations?parameters=pm25&countries=MT&_k=b8m77k,https://openaq.org/#/location/MT00008
Malta,https://openaq.org/#/locations?parameters=pm25&countries=MT&_k=b8m77k,https://openaq.org/#/location/MT00007
Malta,https://openaq.org/#/locations?parameters=pm25&countries=MT&_k=b8m77k,https://openaq.org/#/location/MT00005
Malta,https://openaq.org/#/locations?parameters=pm25&countries=MT&_k=b8m77k,https://openaq.org/#/location/MT00004
Mexico,https://openaq.org/#/locations?parameters=pm25&countries=MX&_k=0kkcbe,https://openaq.org/#/location/SPABC14%20COBACH
Mexico,https://openaq.org/#/locations?parameters=pm25&countries=MX&_k=0kkcbe,https://openaq.org/#/location/Universidad%20Autonoma
Mexico,https://openaq.org/#/locations?parameters=pm25&countries=MX&_k=0kkcbe,https://openaq.org/#/location/Camarones
Mexico,https://openaq.org/#/locations?parameters=pm25&countries=MX&_k=0kkcbe,https://openaq.org/#/location/Hospital%20General%20de
Mexico,https://openaq.org/#/locations?parameters=pm25&countries=MX&_k=0kkcbe,https://openaq.org/#/location/Merced
Mexico,https://openaq.org/#/locations?parameters=pm25&countries=MX&_k=0kkcbe,https://openaq.org/#/location/Pedregal
Mexico,https://openaq.org/#/locations?parameters=pm25&countries=MX&_k=0kkcbe,https://openaq.org/#/location/Santa%20Fe
Mexico,https://openaq.org/#/locations?parameters=pm25&countries=MX&_k=0kkcbe,https://openaq.org/#/location/Santiago%20Acahualtepe
Mexico,https://openaq.org/#/locations?parameters=pm25&countries=MX&_k=0kkcbe,https://openaq.org/#/location/UAM%20Iztapalapa
Mexico,https://openaq.org/#/locations?parameters=pm25&countries=MX&_k=0kkcbe,https://openaq.org/#/location/UAM%20Xochimilco
Mexico,https://openaq.org/#/locations?parameters=pm25&countries=MX&_k=0kkcbe,https://openaq.org/#/location/Estaci%C3%B3n%20Abasolo
Mexico,https://openaq.org/#/locations?parameters=pm25&countries=MX&_k=0kkcbe,https://openaq.org/#/location/Estaci%C3%B3n%20Bomberos
Mexico,https://openaq.org/#/locations?parameters=pm25&countries=MX&_k=0kkcbe,https://openaq.org/#/location/Estaci%C3%B3n%20DIF
Mexico,https://openaq.org/#/locations?parameters=pm25&countries=MX&_k=0kkcbe,https://openaq.org/#/location/Estaci%C3%B3n%20Facultad%20de
Mexico,https://openaq.org/#/locations?parameters=pm25&countries=MX&_k=0kkcbe,https://openaq.org/#/location/Estaci%C3%B3n%20Guanajuato
Mongolia,https://openaq.org/#/locations?parameters=pm25&countries=MN&_k=yncqku,https://openaq.org/#/location/1-r%20khoroolol
Mongolia,https://openaq.org/#/locations?parameters=pm25&countries=MN&_k=yncqku,https://openaq.org/#/location/Amgalan
Mongolia,https://openaq.org/#/locations?parameters=pm25&countries=MN&_k=yncqku,https://openaq.org/#/location/Baruun%204%20zam
Mongolia,https://openaq.org/#/locations?parameters=pm25&countries=MN&_k=yncqku,https://openaq.org/#/location/Bayankhoshuu
Mongolia,https://openaq.org/#/locations?parameters=pm25&countries=MN&_k=yncqku,https://openaq.org/#/location/Bukhiin%20urguu
Mongolia,https://openaq.org/#/locations?parameters=pm25&countries=MN&_k=yncqku,https://openaq.org/#/location/MNB
Mongolia,https://openaq.org/#/locations?parameters=pm25&countries=MN&_k=yncqku,https://openaq.org/#/location/Nisekh
Mongolia,https://openaq.org/#/locations?parameters=pm25&countries=MN&_k=yncqku,https://openaq.org/#/location/Tolgoit
Mongolia,https://openaq.org/#/locations?parameters=pm25&countries=MN&_k=yncqku,https://openaq.org/#/location/US%20Diplomatic%20Post%3A%20Ulaanbaatar
Myanmar,https://openaq.org/#/locations?parameters=pm25&countries=MM&_k=1uf3j1,https://openaq.org/#/location/US%20Diplomatic%20Post%3A%20Rangoon
Nepal,https://openaq.org/#/locations?parameters=pm25&countries=NP&_k=crgadl,https://openaq.org/#/location/US%20Diplomatic%20Post%3A%20Embassy%20Kathmandu
Nepal,https://openaq.org/#/locations?parameters=pm25&countries=NP&_k=crgadl,https://openaq.org/#/location/US%20Diplomatic%20Post%3A%20Phora%20Durbar%20Kathmandu
Netherlands,https://openaq.org/#/locations?parameters=pm25&countries=NL&_k=3j1f1r,https://openaq.org/#/location/Amsterdam-Einsteinweg
Netherlands,https://openaq.org/#/locations?parameters=pm25&countries=NL&_k=3j1f1r,https://openaq.org/#/location/Amsterdam-Hoogtij
Netherlands,https://openaq.org/#/locations?parameters=pm25&countries=NL&_k=3j1f1r,https://openaq.org/#/location/Amsterdam-Spaarnwoude
Netherlands,https://openaq.org/#/locations?parameters=pm25&countries=NL&_k=3j1f1r,https://openaq.org/#/location/Amsterdam-Stadhouderskade
Netherlands,https://openaq.org/#/locations?parameters=pm25&countries=NL&_k=3j1f1r,https://openaq.org/#/location/Amsterdam-Van%20Diemenstraat
Netherlands,https://openaq.org/#/locations?parameters=pm25&countries=NL&_k=3j1f1r,https://openaq.org/#/location/Amsterdam-Vondelpark
Netherlands,https://openaq.org/#/locations?parameters=pm25&countries=NL&_k=3j1f1r,https://openaq.org/#/location/Amsterdam-Westerpark
Netherlands,https://openaq.org/#/locations?parameters=pm25&countries=NL&_k=3j1f1r,https://openaq.org/#/location/Badhoevedorp-Sloterweg
Netherlands,https://openaq.org/#/locations?parameters=pm25&countries=NL&_k=3j1f1r,https://openaq.org/#/location/Beverwijk%20West-Creutzberglaan
Netherlands,https://openaq.org/#/locations?parameters=pm25&countries=NL&_k=3j1f1r,https://openaq.org/#/location/Biest%20Houtakker-Biestsestraat
Netherlands,https://openaq.org/#/locations?parameters=pm25&countries=NL&_k=3j1f1r,https://openaq.org/#/location/Botlek-Spoortunnel
Netherlands,https://openaq.org/#/locations?parameters=pm25&countries=NL&_k=3j1f1r,https://openaq.org/#/location/Breda-Bastenakenstraat
Netherlands,https://openaq.org/#/locations?parameters=pm25&countries=NL&_k=3j1f1r,https://openaq.org/#/location/Breda-Tilburgseweg
Netherlands,https://openaq.org/#/locations?parameters=pm25&countries=NL&_k=3j1f1r,https://openaq.org/#/location/Breukelen-Snelweg
Netherlands,https://openaq.org/#/locations?parameters=pm25&countries=NL&_k=3j1f1r,https://openaq.org/#/location/Cabauw-Wielsekade
Nigeria,https://openaq.org/#/locations?parameters=pm25&countries=NG&_k=5kxpvt,https://openaq.org/#/location/SPARTAN%20-%20Ilorin%20University
Norway,https://openaq.org/#/locations?parameters=pm25&countries=NO&_k=zy3sti,https://openaq.org/#/location/Bekkestua
Norway,https://openaq.org/#/locations?parameters=pm25&countries=NO&_k=zy3sti,https://openaq.org/#/location/Eilif%20Dues%20vei
Norway,https://openaq.org/#/locations?parameters=pm25&countries=NO&_k=zy3sti,https://openaq.org/#/location/Danmarks%20plass
Norway,https://openaq.org/#/locations?parameters=pm25&countries=NO&_k=zy3sti,https://openaq.org/#/location/Klosterhaugen
Norway,https://openaq.org/#/locations?parameters=pm25&countries=NO&_k=zy3sti,https://openaq.org/#/location/Loddefjord
Norway,https://openaq.org/#/locations?parameters=pm25&countries=NO&_k=zy3sti,https://openaq.org/#/location/R%C3%A5dal
Norway,https://openaq.org/#/locations?parameters=pm25&countries=NO&_k=zy3sti,https://openaq.org/#/location/R%C3%A5dhuset
Norway,https://openaq.org/#/locations?parameters=pm25&countries=NO&_k=zy3sti,https://openaq.org/#/location/Rolland%2C%20%C3%85sane
Norway,https://openaq.org/#/locations?parameters=pm25&countries=NO&_k=zy3sti,https://openaq.org/#/location/Olav%20V%20gate
Norway,https://openaq.org/#/locations?parameters=pm25&countries=NO&_k=zy3sti,https://openaq.org/#/location/Ringsakervegen
Norway,https://openaq.org/#/locations?parameters=pm25&countries=NO&_k=zy3sti,https://openaq.org/#/location/Backeparken
Norway,https://openaq.org/#/locations?parameters=pm25&countries=NO&_k=zy3sti,https://openaq.org/#/location/V%C3%A5rveien
Norway,https://openaq.org/#/locations?parameters=pm25&countries=NO&_k=zy3sti,https://openaq.org/#/location/Leiret
Norway,https://openaq.org/#/locations?parameters=pm25&countries=NO&_k=zy3sti,https://openaq.org/#/location/Nygaardsgata
Norway,https://openaq.org/#/locations?parameters=pm25&countries=NO&_k=zy3sti,https://openaq.org/#/location/St.Croix
Pakistan,https://openaq.org/#/locations?parameters=pm25&countries=PK&_k=qigrjz,https://openaq.org/#/location/US%20Diplomatic%20Post%3A%20Islamabad
Pakistan,https://openaq.org/#/locations?parameters=pm25&countries=PK&_k=qigrjz,https://openaq.org/#/location/US%20Diplomatic%20Post%3A%20Karachi
Pakistan,https://openaq.org/#/locations?parameters=pm25&countries=PK&_k=qigrjz,https://openaq.org/#/location/US%20Diplomatic%20Post%3A%20Lahore
Pakistan,https://openaq.org/#/locations?parameters=pm25&countries=PK&_k=qigrjz,https://openaq.org/#/location/US%20Diplomatic%20Post%3A%20Peshawar
Peru,https://openaq.org/#/locations?parameters=pm25&countries=PE&_k=91cr82,https://openaq.org/#/location/ATE
Peru,https://openaq.org/#/locations?parameters=pm25&countries=PE&_k=91cr82,https://openaq.org/#/location/CAMPO%20DE%20MARTE
Peru,https://openaq.org/#/locations?parameters=pm25&countries=PE&_k=91cr82,https://openaq.org/#/location/CARABAYLLO
Peru,https://openaq.org/#/locations?parameters=pm25&countries=PE&_k=91cr82,https://openaq.org/#/location/HUACHIPA
Peru,https://openaq.org/#/locations?parameters=pm25&countries=PE&_k=91cr82,https://openaq.org/#/location/PUENTE%20PIEDRA
Peru,https://openaq.org/#/locations?parameters=pm25&countries=PE&_k=91cr82,https://openaq.org/#/location/SAN%20BORJA
Peru,https://openaq.org/#/locations?parameters=pm25&countries=PE&_k=91cr82,https://openaq.org/#/location/SAN%20JUAN%20DE%20LURIGANCHO
Peru,https://openaq.org/#/locations?parameters=pm25&countries=PE&_k=91cr82,https://openaq.org/#/location/SAN%20MARTIN%20DE%20PORRES
Peru,https://openaq.org/#/locations?parameters=pm25&countries=PE&_k=91cr82,https://openaq.org/#/location/SANTA%20ANITA
Peru,https://openaq.org/#/locations?parameters=pm25&countries=PE&_k=91cr82,https://openaq.org/#/location/US%20Diplomatic%20Post%3A%20Lima
Peru,https://openaq.org/#/locations?parameters=pm25&countries=PE&_k=91cr82,https://openaq.org/#/location/VILLA%20MARIA%20DEL%20TRIUNFO
Philippines,https://openaq.org/#/locations?parameters=pm25&countries=PH&_k=z1lbm7,https://openaq.org/#/location/SPARTAN%20-%20Manila%20Observatory
Poland,https://openaq.org/#/locations?parameters=pm25&countries=PL&_k=2mhtcz,https://openaq.org/#/location/August%C3%B3w-Miejska
Poland,https://openaq.org/#/locations?parameters=pm25&countries=PL&_k=2mhtcz,https://openaq.org/#/location/Bia%C5%82ystok-Miejska
Poland,https://openaq.org/#/locations?parameters=pm25&countries=PL&_k=2mhtcz,https://openaq.org/#/location/Bielsko-Bia%C5%82a%2C%20ul.Partyzant%C3%B3w
Poland,https://openaq.org/#/locations?parameters=pm25&countries=PL&_k=2mhtcz,https://openaq.org/#/location/WIO%C5%9A%20Biskupiec-Mobilna
Poland,https://openaq.org/#/locations?parameters=pm25&countries=PL&_k=2mhtcz,https://openaq.org/#/location/Borsukowizna-Wiejska
Poland,https://openaq.org/#/locations?parameters=pm25&countries=PL&_k=2mhtcz,https://openaq.org/#/location/Bydgoszcz%20Plac%20Pozna%C5%84ski
Poland,https://openaq.org/#/locations?parameters=pm25&countries=PL&_k=2mhtcz,https://openaq.org/#/location/Bydgoszcz%20Warszawska
Poland,https://openaq.org/#/locations?parameters=pm25&countries=PL&_k=2mhtcz,https://openaq.org/#/location/Che%C5%82mno%2C%20%C5%81unawska%203A
Poland,https://openaq.org/#/locations?parameters=pm25&countries=PL&_k=2mhtcz,https://openaq.org/#/location/D%C4%99bica-Grottgera-WIOS
Poland,https://openaq.org/#/locations?parameters=pm25&countries=PL&_k=2mhtcz,https://openaq.org/#/location/Duszniki-Zdr%C3%B3j
Poland,https://openaq.org/#/locations?parameters=pm25&countries=PL&_k=2mhtcz,https://openaq.org/#/location/WIO%C5%9A%20Elbl%C4%85g%20ul.%20Ba%C5%BCy%C5%84skiego
Poland,https://openaq.org/#/locations?parameters=pm25&countries=PL&_k=2mhtcz,https://openaq.org/#/location/AM8%20Gda%C5%84sk%20Wrzeszcz
Poland,https://openaq.org/#/locations?parameters=pm25&countries=PL&_k=2mhtcz,https://openaq.org/#/location/Gocza%C5%82kowice%20Zdr%C3%B3j%2C%20ul.%20Parkowa
Poland,https://openaq.org/#/locations?parameters=pm25&countries=PL&_k=2mhtcz,https://openaq.org/#/location/WIO%C5%9A%20Go%C5%82dap-Uzdrowisko
Poland,https://openaq.org/#/locations?parameters=pm25&countries=PL&_k=2mhtcz,https://openaq.org/#/location/Gorz%C3%B3w%20Wlkp.%20ul.%20Kosynier%C3%B3w%20Gdy%C5%84skich
Portugal,https://openaq.org/#/locations?parameters=pm25&countries=PT&_k=usunnj,https://openaq.org/#/location/PT02004
Portugal,https://openaq.org/#/locations?parameters=pm25&countries=PT&_k=usunnj,https://openaq.org/#/location/PT02020
Portugal,https://openaq.org/#/locations?parameters=pm25&countries=PT&_k=usunnj,https://openaq.org/#/location/PT04006
Portugal,https://openaq.org/#/locations?parameters=pm25&countries=PT&_k=usunnj,https://openaq.org/#/location/PT05007
Portugal,https://openaq.org/#/locations?parameters=pm25&countries=PT&_k=usunnj,https://openaq.org/#/location/PT05012
Portugal,https://openaq.org/#/locations?parameters=pm25&countries=PT&_k=usunnj,https://openaq.org/#/location/PT06004
Portugal,https://openaq.org/#/locations?parameters=pm25&countries=PT&_k=usunnj,https://openaq.org/#/location/PT06005
Portugal,https://openaq.org/#/locations?parameters=pm25&countries=PT&_k=usunnj,https://openaq.org/#/location/PT06008
Portugal,https://openaq.org/#/locations?parameters=pm25&countries=PT&_k=usunnj,https://openaq.org/#/location/PT07001
Portugal,https://openaq.org/#/locations?parameters=pm25&countries=PT&_k=usunnj,https://openaq.org/#/location/PT02019
Portugal,https://openaq.org/#/locations?parameters=pm25&countries=PT&_k=usunnj,https://openaq.org/#/location/PT03071
Portugal,https://openaq.org/#/locations?parameters=pm25&countries=PT&_k=usunnj,https://openaq.org/#/location/PT03072
Portugal,https://openaq.org/#/locations?parameters=pm25&countries=PT&_k=usunnj,https://openaq.org/#/location/PT03089
Portugal,https://openaq.org/#/locations?parameters=pm25&countries=PT&_k=usunnj,https://openaq.org/#/location/PT03102
Portugal,https://openaq.org/#/locations?parameters=pm25&countries=PT&_k=usunnj,https://openaq.org/#/location/PT01024
Romania,https://openaq.org/#/locations?parameters=pm25&countries=RO&_k=qc2r80,
Russian Federation,https://openaq.org/#/locations?parameters=pm25&countries=RU&_k=wz2j82,
Saudi Arabia,https://openaq.org/#/locations?parameters=pm25&countries=SA&_k=52ayee,https://openaq.org/#/location/US%20Diplomatic%20Post%3A%20Dharan
Saudi Arabia,https://openaq.org/#/locations?parameters=pm25&countries=SA&_k=52ayee,https://openaq.org/#/location/Dhahran
Saudi Arabia,https://openaq.org/#/locations?parameters=pm25&countries=SA&_k=52ayee,https://openaq.org/#/location/Jeddah
Serbia,https://openaq.org/#/locations?parameters=pm25&countries=RS&_k=vikt7u,https://openaq.org/#/location/RS0032A
Singapore,https://openaq.org/#/locations?parameters=pm25&countries=SG&_k=wtre56,https://openaq.org/#/location/SPARTAN%20-%20NUS
Slovakia,https://openaq.org/#/locations?parameters=pm25&countries=SK&_k=eyamj0,https://openaq.org/#/location/SK0022A
Slovakia,https://openaq.org/#/locations?parameters=pm25&countries=SK&_k=eyamj0,https://openaq.org/#/location/SK0025A
Slovakia,https://openaq.org/#/locations?parameters=pm25&countries=SK&_k=eyamj0,https://openaq.org/#/location/SK0214A
Slovakia,https://openaq.org/#/locations?parameters=pm25&countries=SK&_k=eyamj0,https://openaq.org/#/location/SK0262A
Slovakia,https://openaq.org/#/locations?parameters=pm25&countries=SK&_k=eyamj0,https://openaq.org/#/location/SK0263A
Slovakia,https://openaq.org/#/locations?parameters=pm25&countries=SK&_k=eyamj0,https://openaq.org/#/location/SK0268A
Slovakia,https://openaq.org/#/locations?parameters=pm25&countries=SK&_k=eyamj0,https://openaq.org/#/location/SK0001A
Slovakia,https://openaq.org/#/locations?parameters=pm25&countries=SK&_k=eyamj0,https://openaq.org/#/location/SK0002A
Slovakia,https://openaq.org/#/locations?parameters=pm25&countries=SK&_k=eyamj0,https://openaq.org/#/location/SK0004A
Slovakia,https://openaq.org/#/locations?parameters=pm25&countries=SK&_k=eyamj0,https://openaq.org/#/location/SK0048A
Slovakia,https://openaq.org/#/locations?parameters=pm25&countries=SK&_k=eyamj0,https://openaq.org/#/location/SK0407A
Slovakia,https://openaq.org/#/locations?parameters=pm25&countries=SK&_k=eyamj0,https://openaq.org/#/location/SK0018A
Slovakia,https://openaq.org/#/locations?parameters=pm25&countries=SK&_k=eyamj0,https://openaq.org/#/location/SK0030A
Slovakia,https://openaq.org/#/locations?parameters=pm25&countries=SK&_k=eyamj0,https://openaq.org/#/location/SK0264A
Slovakia,https://openaq.org/#/locations?parameters=pm25&countries=SK&_k=eyamj0,https://openaq.org/#/location/SK0265A
Slovenia,https://openaq.org/#/locations?parameters=pm25&countries=SI&_k=4qn90l,
South Africa,https://openaq.org/#/locations?parameters=pm25&countries=ZA&_k=qp7t78,
Spain,https://openaq.org/#/locations?parameters=pm25&countries=ES&_k=02jswt,https://openaq.org/#/location/ES1138A
Spain,https://openaq.org/#/locations?parameters=pm25&countries=ES&_k=02jswt,https://openaq.org/#/location/ES1867A
Spain,https://openaq.org/#/locations?parameters=pm25&countries=ES&_k=02jswt,https://openaq.org/#/location/ES1868A
Spain,https://openaq.org/#/locations?parameters=pm25&countries=ES&_k=02jswt,https://openaq.org/#/location/ES1901A
Spain,https://openaq.org/#/locations?parameters=pm25&countries=ES&_k=02jswt,https://openaq.org/#/location/ES1535A
Spain,https://openaq.org/#/locations?parameters=pm25&countries=ES&_k=02jswt,https://openaq.org/#/location/ES1914A
Spain,https://openaq.org/#/locations?parameters=pm25&countries=ES&_k=02jswt,https://openaq.org/#/location/ES1968A
Spain,https://openaq.org/#/locations?parameters=pm25&countries=ES&_k=02jswt,https://openaq.org/#/location/ES2008A
Spain,https://openaq.org/#/locations?parameters=pm25&countries=ES&_k=02jswt,https://openaq.org/#/location/ES1489A
Spain,https://openaq.org/#/locations?parameters=pm25&countries=ES&_k=02jswt,https://openaq.org/#/location/ES1492A
Spain,https://openaq.org/#/locations?parameters=pm25&countries=ES&_k=02jswt,https://openaq.org/#/location/ES1502A
Spain,https://openaq.org/#/locations?parameters=pm25&countries=ES&_k=02jswt,https://openaq.org/#/location/ES1673A
Spain,https://openaq.org/#/locations?parameters=pm25&countries=ES&_k=02jswt,https://openaq.org/#/location/ES0825A
Spain,https://openaq.org/#/locations?parameters=pm25&countries=ES&_k=02jswt,https://openaq.org/#/location/ES0880A
Spain,https://openaq.org/#/locations?parameters=pm25&countries=ES&_k=02jswt,https://openaq.org/#/location/ES1269A
Sri Lanka,https://openaq.org/#/locations?parameters=pm25&countries=LK&_k=jqk2fm,https://openaq.org/#/location/US%20Diplomatic%20Post%3A%20Colombo
Sweden,https://openaq.org/#/locations?parameters=pm25&countries=SE&_k=oij22k,https://openaq.org/#/location/SE0014R
Sweden,https://openaq.org/#/locations?parameters=pm25&countries=SE&_k=oij22k,https://openaq.org/#/location/SE0005R
Sweden,https://openaq.org/#/locations?parameters=pm25&countries=SE&_k=oij22k,https://openaq.org/#/location/SE0001A
Sweden,https://openaq.org/#/locations?parameters=pm25&countries=SE&_k=oij22k,https://openaq.org/#/location/SE0058A
Sweden,https://openaq.org/#/locations?parameters=pm25&countries=SE&_k=oij22k,https://openaq.org/#/location/SE0085A
Sweden,https://openaq.org/#/locations?parameters=pm25&countries=SE&_k=oij22k,https://openaq.org/#/location/SE0116A
Sweden,https://openaq.org/#/locations?parameters=pm25&countries=SE&_k=oij22k,https://openaq.org/#/location/Hornsgatan
Sweden,https://openaq.org/#/locations?parameters=pm25&countries=SE&_k=oij22k,https://openaq.org/#/location/Lilla%20Essingen%20(E4%2FE20)
Sweden,https://openaq.org/#/locations?parameters=pm25&countries=SE&_k=oij22k,https://openaq.org/#/location/SE0003A
Sweden,https://openaq.org/#/locations?parameters=pm25&countries=SE&_k=oij22k,https://openaq.org/#/location/SE0071A
Sweden,https://openaq.org/#/locations?parameters=pm25&countries=SE&_k=oij22k,https://openaq.org/#/location/Sveav%C3%A4gen
Sweden,https://openaq.org/#/locations?parameters=pm25&countries=SE&_k=oij22k,https://openaq.org/#/location/Uppsala%20Kungsgatan
Sweden,https://openaq.org/#/locations?parameters=pm25&countries=SE&_k=oij22k,https://openaq.org/#/location/SE0059A
Sweden,https://openaq.org/#/locations?parameters=pm25&countries=SE&_k=oij22k,https://openaq.org/#/location/SE0095A
Sweden,https://openaq.org/#/locations?parameters=pm25&countries=SE&_k=oij22k,https://openaq.org/#/location/SE0004A
Switzerland,https://openaq.org/#/locations?parameters=pm25&countries=CH&_k=xt75v3,https://openaq.org/#/location/CH0008A
Switzerland,https://openaq.org/#/locations?parameters=pm25&countries=CH&_k=xt75v3,https://openaq.org/#/location/CH0031A
Switzerland,https://openaq.org/#/locations?parameters=pm25&countries=CH&_k=xt75v3,https://openaq.org/#/location/Beijing
Switzerland,https://openaq.org/#/locations?parameters=pm25&countries=CH&_k=xt75v3,https://openaq.org/#/location/Chengdu
Switzerland,https://openaq.org/#/locations?parameters=pm25&countries=CH&_k=xt75v3,https://openaq.org/#/location/Guangzhou
Switzerland,https://openaq.org/#/locations?parameters=pm25&countries=CH&_k=xt75v3,https://openaq.org/#/location/Shanghai
Switzerland,https://openaq.org/#/locations?parameters=pm25&countries=CH&_k=xt75v3,https://openaq.org/#/location/Shenyang
Switzerland,https://openaq.org/#/locations?parameters=pm25&countries=CH&_k=xt75v3,https://openaq.org/#/location/CH0005R
Switzerland,https://openaq.org/#/locations?parameters=pm25&countries=CH&_k=xt75v3,https://openaq.org/#/location/CH0011A
Switzerland,https://openaq.org/#/locations?parameters=pm25&countries=CH&_k=xt75v3,https://openaq.org/#/location/CH0033A
Switzerland,https://openaq.org/#/locations?parameters=pm25&countries=CH&_k=xt75v3,https://openaq.org/#/location/CH0002R
Switzerland,https://openaq.org/#/locations?parameters=pm25&countries=CH&_k=xt75v3,https://openaq.org/#/location/CH0005A
Switzerland,https://openaq.org/#/locations?parameters=pm25&countries=CH&_k=xt75v3,https://openaq.org/#/location/CH0010A
Taiwan,https://openaq.org/#/locations?parameters=pm25&countries=TW&_k=ogez9t,https://openaq.org/#/location/Nantou
Taiwan,https://openaq.org/#/locations?parameters=pm25&countries=TW&_k=ogez9t,https://openaq.org/#/location/Puli
Taiwan,https://openaq.org/#/locations?parameters=pm25&countries=TW&_k=ogez9t,https://openaq.org/#/location/Zhushan
Taiwan,https://openaq.org/#/locations?parameters=pm25&countries=TW&_k=ogez9t,https://openaq.org/#/location/Chiayi
Taiwan,https://openaq.org/#/locations?parameters=pm25&countries=TW&_k=ogez9t,https://openaq.org/#/location/Puzi
Taiwan,https://openaq.org/#/locations?parameters=pm25&countries=TW&_k=ogez9t,https://openaq.org/#/location/Xingang
Taiwan,https://openaq.org/#/locations?parameters=pm25&countries=TW&_k=ogez9t,https://openaq.org/#/location/Keelung
Taiwan,https://openaq.org/#/locations?parameters=pm25&countries=TW&_k=ogez9t,https://openaq.org/#/location/Dongshan
Taiwan,https://openaq.org/#/locations?parameters=pm25&countries=TW&_k=ogez9t,https://openaq.org/#/location/Yilan
Taiwan,https://openaq.org/#/locations?parameters=pm25&countries=TW&_k=ogez9t,https://openaq.org/#/location/Chaozhou
Taiwan,https://openaq.org/#/locations?parameters=pm25&countries=TW&_k=ogez9t,https://openaq.org/#/location/Hengchun
Taiwan,https://openaq.org/#/locations?parameters=pm25&countries=TW&_k=ogez9t,https://openaq.org/#/location/Pingtung
Taiwan,https://openaq.org/#/locations?parameters=pm25&countries=TW&_k=ogez9t,https://openaq.org/#/location/Changhua
Taiwan,https://openaq.org/#/locations?parameters=pm25&countries=TW&_k=ogez9t,https://openaq.org/#/location/Erlin
Taiwan,https://openaq.org/#/locations?parameters=pm25&countries=TW&_k=ogez9t,https://openaq.org/#/location/Xianxi
Tajikistan,https://openaq.org/#/locations?parameters=pm25&countries=TJ&_k=5wuu7o,https://openaq.org/#/location/US%20Diplomatic%20Post%3A%20Dushanbe
Thailand,https://openaq.org/#/locations?parameters=pm25&countries=TH&_k=me49kg,
Turkey,https://openaq.org/#/locations?parameters=pm25&countries=TR&_k=z385tt,
Turkmenistan,https://openaq.org/#/locations?parameters=pm25&countries=TM&_k=vp03bq,https://openaq.org/#/location/US%20Diplomatic%20Post%3A%20Ashgabat
Uganda,https://openaq.org/#/locations?parameters=pm25&countries=UG&_k=3r15s8,https://openaq.org/#/location/US%20Diplomatic%20Post%3A%20Kampala
United Arab Emirates,https://openaq.org/#/locations?parameters=pm25&countries=AE&_k=rpr19a,https://openaq.org/#/location/US%20Diplomatic%20Post%3A%20Abu%20Dhabi
United Arab Emirates,https://openaq.org/#/locations?parameters=pm25&countries=AE&_k=rpr19a,https://openaq.org/#/location/US%20Diplomatic%20Post%3A%20Dubai
United Arab Emirates,https://openaq.org/#/locations?parameters=pm25&countries=AE&_k=rpr19a,https://openaq.org/#/location/Abu%20Dhabi
United Kingdom,https://openaq.org/#/locations?parameters=pm25&countries=GB&_k=9904yv,https://openaq.org/#/location/Aberdeen
United Kingdom,https://openaq.org/#/locations?parameters=pm25&countries=GB&_k=9904yv,https://openaq.org/#/location/Auchencorth%20Moss
United Kingdom,https://openaq.org/#/locations?parameters=pm25&countries=GB&_k=9904yv,https://openaq.org/#/location/Barnstaple%20A39
United Kingdom,https://openaq.org/#/locations?parameters=pm25&countries=GB&_k=9904yv,https://openaq.org/#/location/Belfast%20Centre
United Kingdom,https://openaq.org/#/locations?parameters=pm25&countries=GB&_k=9904yv,https://openaq.org/#/location/Birmingham%20Acocks%20Green
United Kingdom,https://openaq.org/#/locations?parameters=pm25&countries=GB&_k=9904yv,https://openaq.org/#/location/Birmingham%20Tyburn
United Kingdom,https://openaq.org/#/locations?parameters=pm25&countries=GB&_k=9904yv,https://openaq.org/#/location/Birmingham%20Tyburn%20Roadside
United Kingdom,https://openaq.org/#/locations?parameters=pm25&countries=GB&_k=9904yv,https://openaq.org/#/location/Blackpool%20Marton
United Kingdom,https://openaq.org/#/locations?parameters=pm25&countries=GB&_k=9904yv,https://openaq.org/#/location/Bournemouth
United Kingdom,https://openaq.org/#/locations?parameters=pm25&countries=GB&_k=9904yv,https://openaq.org/#/location/Brighton%20Preston%20Park
United Kingdom,https://openaq.org/#/locations?parameters=pm25&countries=GB&_k=9904yv,https://openaq.org/#/location/Bristol%20St%20Paul's
United Kingdom,https://openaq.org/#/locations?parameters=pm25&countries=GB&_k=9904yv,https://openaq.org/#/location/Cardiff%20Centre
United Kingdom,https://openaq.org/#/locations?parameters=pm25&countries=GB&_k=9904yv,https://openaq.org/#/location/Carlisle%20Roadside
United Kingdom,https://openaq.org/#/locations?parameters=pm25&countries=GB&_k=9904yv,https://openaq.org/#/location/Greenock%20A8%20Roadside
United Kingdom,https://openaq.org/#/locations?parameters=pm25&countries=GB&_k=9904yv,https://openaq.org/#/location/Chatham%20Roadside
United States,https://openaq.org/#/locations?parameters=pm25&countries=US&_k=t3ojy8,https://openaq.org/#/location/Cle%20Elum_Mobile
United States,https://openaq.org/#/locations?parameters=pm25&countries=US&_k=t3ojy8,https://openaq.org/#/location/Leavenworth_Mobile
Uzbekistan,https://openaq.org/#/locations?parameters=pm25&countries=UZ&_k=5ja3hd,https://openaq.org/#/location/US%20Diplomatic%20Post%3A%20Tashkent
Viet Nam,https://openaq.org/#/locations?parameters=pm25&countries=VN&_k=tpiret,https://openaq.org/#/location/SPARTAN%20-%20Vietnam%20Acad.%20Sci.
Viet Nam,https://openaq.org/#/locations?parameters=pm25&countries=VN&_k=tpiret,https://openaq.org/#/location/US%20Diplomatic%20Post%3A%20Hanoi
Viet Nam,https://openaq.org/#/locations?parameters=pm25&countries=VN&_k=tpiret,https://openaq.org/#/location/US%20Diplomatic%20Post%3A%20Ho%20Chi%20Minh%20City
